,song-name,lyrics,release-year,genius-path
0,Air Bud,strange strange days inside my mind is daily changing and it's charged by the shifting tones of time flying just in case you were wondering where i was was strange strange strange days inside my mind is daily changing as result of the black cloud coming down just in case you were watching the horizon horizon horizon  we want out and we want it now we wanna take it outta town we want out and we want it now we wanna take it outta town strange strange days inside,2013,/Kurt-vile-air-bud-lyrics
1,All in a Daze Work, chinese charms and welltanked in burbank strumming unsuccessfully but moreso just pressin' keys and hey jack of diamonds all jack of horse hey man i believe i'm floating and off course of course guess i got my mind well twisted didnt i well   all in a daze work and all in a daze work and all in a daze work and all in a daze work and all in a daze work and all in a all in a all in a daze work   she come flying through like a traveling gypsy show tornado leaving us lying there bleedin cut wide open hearts broken guess i got my mind well twisted didnt i well  chorus all in a daze work and all in a daze work and all in a daze work and all in a daze work and all in a daze work and all in a all in a all in a daze work,2015,/Kurt-vile-all-in-a-daze-work-lyrics
2,Amplifier,don't just stand  your head don't sit   turn around to the trees toss your key 'cause this is home this is home  alone  the  that you got to know i don't mean to cause you suffering  'cause i got nothing in my head  to tell a  he was alone he was alone don't sit still head don't sit   upside down turn around towards the amplifier  understand my command free your keys 'cause this is home this is home this is home home home,2009,/Kurt-vile-amplifier-lyrics
3,Baby’s Arms,there has been but one true love in my babys arms in my babys arms and i got the hands to hold onto them  i get sick of just about everyone and i hide in my babys arms my babys arms 'cause except for her you know as i've implied  i will never ever ever be alone 'cause its all in my babys hands shiny shiny secret stones in my babys hands in my babys hands  i get sick of just about everyone and i hide in my babys arms shrink myself just like a tom thumb and i hide in my babys hands hide in my babys hands  'cause except for her there just ain't nothing to latch onto yeah yeah yeah  there has been but one true love in my babys arms in my babys arms in my babys arms in my babys arms in my babys arms in my babys arms in my babys arms,2011,/Kurt-vile-babys-arms-lyrics
4,Bad Omens,instrumental,2015,/Kurt-vile-bad-omens-lyrics
5,Bassackwards, what's in realwhat's in real time ha ha ha   i was on the beach but i was thinking about the bay got to the bay but by then i was far away i was on the ground but looking straight into the sun but the sun went down and i couldn't find another one for awhile for because it was an allburning feeling in my chest to fill the void of a long night unwatched by well the sun until the morn until when well the sun's reborn and so am i from all the scorn buried deep within the psyche of my soul i was standing down but i was also on the run in my mind  i was on the radio talking with a friend of mine there wasn't no format because well we like it like that he was out of his mind and i was way out of mine then everything went backwards with words coming out bassackwards and i appreciate him to the utmost degree ,2018,/Kurt-vile-bassackwards-lyrics
6,Beach On The Moon (Recycled Lyrics),i got a freeway in mind let go of my head walk down my line better be sure you'll be dead you get up on top these days you gotta be a lowlife drifter so slither up just like a snake upon a spiral staircase  got a freeway in mind let go of my head walk down my line better be sure you'll be dead you get up on top these days you gotta be a lowlife drifter so slither up just like a snake upon a spiral staircase slither up just like a snake upon a spiral staircase  get your damn hands off of my land why don't you sock me and get off of my street 'cause i scared you out of your own shoes now i'm gonna tie 'em together and hang 'em on a wire till it's junkies for hire and i got a hunchback  got a freeway in mind let go of my head walk down my line better be sure you'll be dead to get up on top these days you gotta be a lowlife drifter so slither up just like a snake upon a spiral staircase slither up just like a snake upon a spiral staircase slither up just like a snake upon a spiral staircase slither up just like a snake upon a spiral staircase slither up just like a snake upon a spiral staircase slither up just like a snake upon a spiral staircase slither up just like a snake upon a spiral staircase slither up just like a snake upon a spiral staircase slither up just like a snake upon a spiral staircase,2009,/Kurt-vile-beach-on-the-moon-recycled-lyrics-lyrics
7,Blackberry Song, man i like your style make it last a little while put yourself under the ground and you come back around i want to see you still the same   girl you're like a child your blackberries grow so wild pick the best ones off the bush you relish and wish you were alright left with lace with rightness   my beloved blackberry my love for you floats free leave yourself in sound turn around sing me your blackberry song,2009,/Kurt-vile-blackberry-song-lyrics
8,(Bottle Back),instrumental,2018,/Kurt-vile-bottle-back-lyrics
9,Bottle It In,don't tell them that you love them for your own sake naw you better bottle it in  don't tell them that you love them for your own sake 'cause you never know 'cause you never know when your heart's gonna break and that's a chance we just can't take  you bottled it in you bottled it in  you never got back at me when when i most needed it i would say i didn't mind but you done it over and over all the time all the time you better bottle it in  don't tell them that you love them for your own sake 'cause you never know when your heart's gonna break and that's a chance you can't take don't don't don't don't dammit ,2018,/Kurt-vile-bottle-it-in-lyrics
10,Box of Rain,look out of any window any morning any evening any day maybe the sun is shining birds are winging no rain is falling from a heavy sky what do you want me to do to do for you to see you through for this is all a dream we dreamed one afternoon long ago  walk out of any doorway feel your way feel your way like the day before maybe you'll find direction around some corner where it's been waiting to meet you what do you want me to do to watch for you while you're sleeping then please don't be surprised when you find me dreaming too    look into any eyes you find by you you can see clear to another day maybe been seen before through other eyes on other days while going home what do you want me to do to do for you to see you through it's all a dream we dreamed one afternoon long ago  walk into splintered sunlight inch your way through dead dreams to another land maybe you're tired and broken your tongue is twisted with words half spoken and thoughts unclear  what do you want me to do to do for you to see you through a box of rain will ease the pain and love will see you through ,2016,/Kurt-vile-box-of-rain-lyrics
11,Can’t Come,to come through for you must first include me too and i can't come through for me no i can't come through for oh my honey child stole my money clout no i can't come through for it no i can't come through for shit's creek calls and damned if i did answer and if i did that ain't true i can't come through for you  the words we share with our human heads we spend all day filing it well thats one big pile of shit life was fun until i met someone then four then three then two so what's it gotta do with you when i was young i had everyone then three then two then one could there never be no one oh my honey child stole my money clout no i can't come through with it no i can't get through with it,2009,/Kurt-vile-cant-come-lyrics
12,Chazzy Don’t Mind, strummin a song that teapot wants to sing along but i dont mind no i dont mind   write about what you see around you children and flowers and days for hours songs for miles and i dont mind no i dont mind i dont mind i dont mind  my girlfriends chazzybelt they got a song like this too prolly but i dont mind no i dont mind i dont i dont mind   my mind is hummin when i walk im dreamin riding skateboards downhill   smooth hiss of brand new blacktop swells all just from well im really just lookin outside from inside leanin on my windowsill   strummin a song that teapot sings in a beautiful falsetto and i dont mind i dont mind oh i dont mind oh i dont mind,2022,/Kurt-vile-chazzy-dont-mind-lyrics
13,Check Baby,check baby check baby one two three thats alright with me singing playing all the time now hey look lucky me always been in touch with reality you see  ahh check old man check old man check all the cables and the chain yeah check baby check baby one two three its alright with me amphetamine amphetamine you know what i mean she got a real kick to her yeah balls to the balls to the balls to the walls to the walls watch the man watch the man watch him as he walking around the world yeah it's balls to the walls to the walls to the walls to the walls  check baby check baby one two three that's alright with me hey hey look look at me always been in touch with the world obviously yeah check baby check baby three four five never no jive talking turkey not me and check old man check old man check all the cables and the chain and get back at me get back at me when its safe to sling up my sixstring then it's easy like four five six anybody got a pick  check baby check baby all day 'round i was very lost but now i'm way unfound check brother check brother check what a world weve inherited from another mother what a whale of a pickle what a spell we are all pinned under we give the devil a warm embrace and then we run like chickens from the dickens but you wanna go to heaven when you die that's alright with me its easy like four five six anybody got a pick alright yeah check it old man ,2018,/Kurt-vile-check-baby-lyrics
14,Cold Was the Wind,cold was the wind on my frozen face but i didn't mind cause i was long gone  cold was the wind upon my brow below that well you don't wanna know at all cold was the wind yeah  christmas in siberia with the little bitty case of the delirium tremens for some reason picture roger clemens but mike schmidt's more of the city i came with crossed my heart hoped to die stick a needle in my butter around your bread  cold was the wind on my naked brow below it well you don't wanna know at all cold wind blows  cold wind blows on my naked brow sun sits down on the sacred cow you better goddamn miss me when i'm gone 'cause god's gonna damn me up and down now wherever it is they're gonna give me the business whoever it is gonna miss my girls on the plane i'm drinkin red wine 'cause like everybody else i'm afraid to die did i mention that i'm afraid of dying think i heard my daughter crying so i pick her on up spin her around live it on up of what i found ,2018,/Kurt-vile-cold-was-the-wind-lyrics
15,Come Again, autumn come and winter gone then spring came all over the lawn i wanna die then be reborn like seasons come and go and come again   come again come again what was that you said come again come again cccome on down the world had better come around  i feel it in my chest i feel it in my soul the music and the whiskey and it's warm and nurturing in a weird way i feel it in my face right now when i sing and it makes me wanna cry and scream and cry and   come again come again what was that you said come again come again cccome on down could use a little help comin' around   autumn come and winter go then spring sprayed all over all we know then summer come in raging brought my blood right to a boil but even the heat too turned around and went but it was a long one   come again come again what was that you said come again come again cccome on down the world had better come around come again come again come again yeah come again,2018,/Kurt-vile-come-again-lyrics
16,Cool Water, hey where you goin now are you goin home where is that at baby i i been thinkin i been drinkin i been dyin and craving some   cool water cool water just like hank sang hank sang   wait wait your turn and do ya got something to burn cause now now is the time to smoke em if you got em but when when youre done bite your tongue and put out the cherry with some   cool water cool water just like hank sang hank sang ,2022,/Kurt-vile-cool-water-lyrics
17,Dandelions,dandelions for my girls  i ain't lyin just bein' a little exotic you can blow on 'em or you can just hold em i ain't mindin' even when you're cryin' any which way you wanna go with 'em  i like the feeling of being sentimental and also a little mental i don't mind crying but i prefer them be tears of joy over rage anything over rage anything over mind and everything over age i'm over that when i look back at my  dandelions for my three girls dandelions for my three girls ,2020,/Kurt-vile-dandelions-lyrics
18,Dead Alive,you're telling me a good man is hard to find well what are you blind well never mind let's try and have a good time there was a war of independence if a man's a hindrance well you know where you've got a right to go  better take a breather till you're better till you're breathing till you stop sweating better take a breather till you stop sweating and knit me a sweater  you're telling me a good man is hard to find what was that you better rewind 'cause it's me mama i'm showing everybody a good time you're always looking for a few good men well here's one baby won't get wasted on a gun  better take a breather till you're better till you're breathing till you stop sweating better take a breather till you stop sweating and knit me a sweater  call me old dog when i'm gone but when i'm back it's always old man where you been so long where you been so long where you been so long ,2009,/Kurt-vile-dead-alive-lyrics
19,Doctor Orgatron,instrumental,2009,/Kurt-vile-doctor-orgatron-lyrics
20,Dust Bunnies,you may think that it's funny now that i got a headache like a shop vac coughin' dust bunnies it's hard to see when it's all red and all you hear are just white noises this little one she's a delicate creature no safety features to hold her down girl you've been runnin' on all cylinders pull in the yard and cut it hard  but no they won't find us lying down on the ground and it ain't at the bar where i am or you are we'll take a puff on a cigarette see what we get an invigorating fix and a black lung  don't know much about history and don't know much about the shape i'm in there ain't no manual to our minds we're always lookin' baby all the time  but no we won't find it rollin' around on the ground and it ain't at the bar where i am where you are i took a puff on the cigarette saw what i get an invigorating fix and a black lung  you think you're tired put your face in my place we swap faces and i see you're tired it's hard to think with a squashed brain and let's hope that don't leave a permanent stain how can you talk over all that racket what's there to feel but totally whacked ,2015,/Kurt-vile-dust-bunnies-lyrics
21,Feel My Pain, feel my pain and ill do yours were all banged up but whos keepin' score well im not are you theres a place out there that we can go and clean up our act in then come out squeaky clean so no one will know where we been   how can i sing to em straight from my heart babe its all i ever really wanted to do anyway from the start babe hear what im sayin' and feel my pain if thats alright for you   theres a fountain out there flowin' deep and wide somewhere deep in this town to jump in if you can swim and i never did much talkin' anyway ok thats a lie but that dont matter to you feel my pain and come inside or stay the course with a bulldozing force riding on a demonpossessed horse theres a place out there people go and never come back if youd care to say your prayers ,2013,/Kurt-vile-feel-my-pain-lyrics
22,Flyin (like a fast train), flyin' like a fast train i don't feel a thing 'til when pull into my station just crash and burn yeah playin' in the music room in my underwear feelin' fine and then my psyche crumble pell mell stumble i been bamboozled better watch out we got vampires lurkin'   flyin' like a fast train i don't feel a thing 'til when i pull into my station i just crash and burn oh oh yeah oh oh  flyin' acid flashback flyin' saucers black coffee pink lemonade from the faucet seein' dragons but they're so pretty baby come on let's go tear up the city naw think we better slow it down ooh ooh ooh ooh la la la   flyin' like a fast train i don't feel a thing 'til when i pull into my station i just crash and burn oh   cooped up creature of discomfort can't touch a thing so i take a walk 'round thе block then i come back and sing say what's wearing you down kid wеll try a little lot of everything   flyin' like a fast train i don't feel a thing 'til when i pull into my station i just crash and burn   yeah yeah mmm mmm mmm mmm mmm mmm mmm mmm mmm mmm mmm mmm mmm mmm mmm mmm ,2022,/Kurt-vile-flyin-like-a-fast-train-lyrics
23,Fo Sho, even if im wrong even if im wrong gonna singamy song til the break of dawn like woo   but even cause im real even cause im real even cause im real gonna peal another smash poem out a yellow legal pad for ya baby while i can   even if its sike cause i know that im right and i been doin this a long time since before i was born   and its prolly gonna be another prolly gonna be another long song prolly gonna be another long song   ,2022,/Kurt-vile-fo-sho-lyrics
24,Freak Train,go ahead tell me hello or fuck you whatever introduction suits you i ain't trying to fight i'm just trying to ride this train and make it home tonight  hey i don't care if you care or if you're trying to break my nose or just stand around stare me down and cough where the hell do you get off anyway freak train  well there's people out there who tell you lies they get off on giving wrong directions well fabrication's my best friend but i ain't never been so insulted in my whole life  riding on the freak train train train train riding on the freak train train train train riding on the freak train train train train riding on the freak train yeah well there's a whole new story there well there's a whole new story there well there's a whole new story there  let it hang out like you just don't care and drag it everywhere whoo  one day i'm going to get enough dough to get me where i want to go comfortably they say acela rides a little faster but for now it's freaks and how and whoa get off me cause a man with hands for every finger claiming he's a folk singer and he's raring to bite his nails think i'd rather ride the rails ,2009,/Kurt-vile-freak-train-lyrics
25,Frip Job,instrumental,2009,/Kurt-vile-frip-job-lyrics
26,Ghost Town,in the morning i'm not done sleepin' in the evening i guess i'm alive but that's alright i can still peel myself up sleepwalking in a ghost town think i'll never leave my couch again 'cause when i'm out i'm on it in my mind then again i guess it ain't always that way  in the morning i'm not done sleepin' in the evening i guess i'm alive that's alright i can still peel myself up sleepwalking in a ghost town think i'll never leave my couch again 'cause when i'm out i'm on it in my mind christ was born i was there you know me i'm around i got friends hey wait where was i well i am tryin'  when i'm drivin' i find i'm dreamin' jamming tunes and drifting and it's just then sometimes i wanna pull over open up and stay and uh raindrops might fall on my head sometimes but i won't pay 'em any mind  christ was here you just missed him now i'm out going down second to all the stores to see my friends to find kinks vinyls yeah  and when i'm drinking i get to jokin' then i'm laughin' fallin' down but that's just fine and i just pick myself up and walk down ghost town raindrops might fall on my head sometimes but i don't pay 'em any mind then again i guess it ain't always that way,2011,/Kurt-vile-ghost-town-lyrics
27,Girl Called Alex, in the dawn's early light i recall a girl named alex she and mark they were happily wed hey at least in my head   i think about them all the time i think about them all the time i think about them all the time i think about them all the time   i wanna live all the time in my fantasy infinity there i will never be abandoned there i'll ever handle against everything from ever happening to them   and they hate it when i say i wanna   i wanna walk out into the night without it being running away from a bad day in my brain for the sake of a strip that i could be cruising in the comfort of a sportscar illusion ,2013,/Kurt-vile-girl-called-alex-lyrics
28,God Is Saying This To You,instrumental,2009,/Kurt-vile-god-is-saying-this-to-you-lyrics
29,Goin On A Plane Today, going on a plane today gonna chug a beer and curse my name see you on the other side either on the tarmac or the after life   things getting a little weird my mind gone foggy my memory's unclear manhood compromised watch me shrinking back into a little kid just as i'm just getting old  going on a plane today listening' to heart of gold gonna open up for neil young man life can sure be fun imagine if i knew this when i was young too   as well,2022,/Kurt-vile-goin-on-a-plane-today-lyrics
30,Goldtone,sometimes when i get in my zone you'd think i was stoned but i never as they say touched the stuff i might be adrift but i'm still alert concentrate my hurt into a gold tone golden tones  in the night when all hibernate i stay awake searching the deep dark depths of my soul tone golden tones gold tones there's a place in my heart for all of my friends some have stepped out but some check back in been livin' my life on the run from day one every day is hey so are they  but if i been lookin' back today looking back in gold tones  yeah yeah  in the night when all hibernate i stay awake searching the deep dark depths of my soul tone golden tones  yeah yeah  i been all around been up and down this round world that is always turning til some day or so they say when ahey hey i wanna hear a gold tone  sometimes as i'm floating away i wish i could stay then i arrive among the dropping flies there's a place in my heart been trying to locate it's somewhere within and it's for all them with its gold tones ,2013,/Kurt-vile-goldtone-lyrics
31,Gone Girl, she is deliciously tall sort of a long girl she is delightfully small sort of a song girl  she freely admits to the world that she was a wrong girl that's nothing compared to the fact that she is a gone girl   gone like a knock on the door gone with yesterday and before gone with the wind forevermore   she never lay claim to the fact that she was a strong girl so why should i loudly proclaim that she was a wrong girl  i'd rather think of her name as some sort of song girl and think poetical things to think of my gone girl ,2020,/Kurt-vile-gone-girl-lyrics
32,Heart Attack,you're gonna give me a heart attack you're gonna get all the   you better get your head really screwed on you better get your head really screwed on  you're gonna give me a heart attack you're gonna get all the   you better get your head really screwed on you better get your head really screwed on  you're gonna turn the white man black you're gonna turn all the brown man back you take the spotless soul of a man you take the cracks for anyone who would understand  you're gonna give me a heart attack you're gonna get all the   you better get your head really screwed on you better get your head really screwed on  you've always been the  you're  when the code is resolved you're gonna give me a heart attack we're gonna lose time  ,2009,/Kurt-vile-heart-attack-lyrics
33,He’s Alright (Bonus Track),way over there where the wind come from i swear i thought i was the only one each time i stop to get air well i'm still over there  the silhouette kid's swinging on a swing scrapes his knee and blood it brings he shows his friends he's alive as he brags and he jives hey he's alright yeah  they say makin up for lost time ain't makin up for much at all sometimes i think gettin old is oh so last year yeah  but other times i grab the bull by the horns rip em off with calloused hands sometimes you cry like a child still get up in the mornin i was a geezer just last night watchin tv and not understandin anything i scrape my face on the clouds every time i get out but that's day time  some people they use up all their cash records and such just sit around but i don't care about that people say i'm to blame i guess i think it's a shame oh but i don't care yeah,2009,/Kurt-vile-hes-alright-bonus-track-lyrics
34,Hey Like A Child,yo lemonade my girl what it is gleamin' in the sun you're the one you're the one you're the one hey like a child you walked into my life hey like a mild high i'm feelin' fine  feelin' on the climb till i slide back down from out of the sun you spun me around and around hey like a child you waltzed into my life hey like a mild high i'm feelin' fine  in a dream i drew my blueprint thought i'd better get a load of the way that i do this in the mornin' time the glorious spring feel i got a handle on everything wait for the words to form on the line  hey like a mild high i'm feelin fine hey like a child you shine into my life hey when i'm flyin' i'm high as hell on love  in a dream i drew my blueprint thought i'd better get a load of the way that i do this  feelin' on the climb till i slide back down from out of the maze you spun me the world back around yo lemonade my girl what it is reach for your hand through the sun through the sun through the sun  hey like a ray you shine into my life hey like a cure for all things under the sun in a dream i drew my blueprint and it was you on every page that i drew there  hey like a ray you shine into my life hey like a cure for all things under the sun in a dream i drew my blueprint and it was you on every page that i drew there,2022,/Kurt-vile-hey-like-a-child-lyrics
35,How Lucky, one two a one two three   today i walked down the street i used to wander yeah shook my hand and made myself a bet there was all these things that i don't think i remember hey how lucky can one man get   i bronzed my shoes and i hung 'em from a rearview mirror bronzed admiration in the blind spot of regret there was all these things that i don't think i remember hey how lucky can one man get   today i walked down the street i used to wandеr yeah scratched my head and lit my cigarеtte well there was all these things that i don't think i remember hey how lucky can one man get   today i walked down the street i used to wander yeah shook my hand and made myself a bet well there was all these things that i don't think i remember hey how lucky can one man get hey how lucky can one man get hey how lucky can one man get,2020,/Kurt-vile-how-lucky-lyrics
36,Hunchback,i got a hunchback big as a humpback whale ain't a damn man on earth now could cure it in the morning i'm begging please and i've got a will yeah know what baby i'm a hunchback  you shot me up and left me flopping and flipping around like a fish on a ship you know the kind i'm talking about flopping and flipping around like a fish along the sand you left me flopping for dead uptown like when a fish drowns outta water you left a man neck deep in dirty water and turned your back when he was down down oh i've got a hangover make you just want to keel over you don't gotta stick a fourleaf clover in your pants you got no chance but in the morning i'm pleading please i've got a will yeah we know by now big as my hunchback  to get up on top these days you gotta be a low life drifter so slither up just like a snake upon a spiral staircase,2009,/Kurt-vile-hunchback-lyrics
37,Hysteria,don't you know i never knew you but i but i think i love you girl and what's your name boy you know the devil's in the details  like mm girl you gave me rabies and i don't mean maybe  don't you know i never knew you but i but i think i love you girl and what's your name boy you know the devils in the details like mm girl you gave me rabies and i don't mean maybe i took a drink of head dream smoothie all of a sudden i'm feeling very loopy don't you know i really love you now   stop this plane 'cause i wanna get off pull over somewhere on the side of a cloud watch me get out watch me go down and the rest is hysteria and i stole that but hey mom look at me now stop this plane 'cause i wanna get off pull over somewhere on the side of a cloud and watch me get out watch me go down and the rest is hysteria and i stole that but hey mom look at me now that's what it's all about ,2018,/Kurt-vile-hysteria-lyrics
38,I Know I Got Religion,yeah i know i got religion it took me away it took me away yeah relocating my caddy to the golden highway getting myself all cracked up on the poppy and pills cranberry orange vodka spills but i can see those distant hills and this is where i want to be with human of her craft is made now everything i see like jesus drafted me yeah i dropped myself a penny off the william penn's head yeah i watched the fall off the city hall yeah i get my pictures in seventysix friends of the mind in a jar of the psychedelical kind i won't be kind i won't rewind the friends that i had played too cool i cut them off from the fire now i stopped using picks and not a thing between me and my guitar now i'm strumming away everyday when i feel blue i write a strummer for you you yourself have said we can't get an ahead but i said that you have won if we got religion religion it's got me in its sway it's got me in its sway yeah i know i got religion it took me away it took me away yeah relocating my caddy to the golden highway,2010,/Kurt-vile-i-know-i-got-religion-lyrics
39,I’m an Outlaw,girl you got wise blood to come when summoned i'm an outlaw on the brink of selfimplosion alone in a crowd on the corner goin' nowhere slow  i'm an outlaw on the brink of selfimplosion alone in a crowd on the corner in my walkman in a snowglobe goin' nowhere slow  i'm an outlaw by the ocean watch it come crashing against my skin he'd go from gene clark to clarence white and then he's alright i'm an outlaw on the brink of imploding alone in a crowd on the corner burned from vinyl dimed from cans to the dome  i'm an outlaw under orion's belt what a dumb thing to sing but it had a ring to it girl you got wise blood to come when summoned as my right eardrum drones on through the night now  under exile 'neath constellations just to idle there in slow motion so is the life of the outlaw as a villain as a snakecharming vile human being i'm an outlaw bitch,2015,/Kurt-vile-im-an-outlaw-lyrics
40,In My Time,in my day i was young and crazy sure i didn't know shit but now i'm lazy one day i won't even know what was better then again now i want not much of nothing anyway  two of us one on each shoulder i'm tryin' to turn we're pullin' over on this shoulder ain't drivin' i know when i get older i'm dyin' but i got everything i need and now it's fine now it's fine now it's fine in my time i was whack and wild i was just being myself then but then i sat there just tryin' on faces wanna erase how discreet disgrace is  pulling over on the shoulder ain't drivin' put two of us one on each shoulder i'm tryin' to turn i know when we get older i'm dyin' well i got everything i need now and it's fine now it's fine now it's fine,2011,/Kurt-vile-in-my-time-lyrics
41,Inside Lookin Out,you call it the wrong ways i call it the falling down's you call it the wrong ways i call it the falling down's falling down's  got a blue  and my feet to walk got a  my feet to walk feet to walk i see  talk  you call it the wrong ways i call it the falling down's you call it the wrong ways i call it the falling down's falling down's  got a blue  and my feet to walk got a blue  and my feet to walk feet to walk  i see  talk woohoo woohoo woohoo   on the inside looking out for once   alright alright alriiight well use your  alright alright ,2009,/Kurt-vile-inside-lookin-out-lyrics
42,Invisibility: Nonexistent,well i've got a lot to say in my own way it won't materialize in speech you'll only see it in the structure of skin of secondhand smoke you know that it's a joke you know that we could put you on  i was destroyed by death today perhaps i'll run away there is no peace in songs they sing maybe some comfort is to come travelling i find it in a dog i find it in a drug i find it but i don't know where to put it then it's gone my transport has arrived my chariot's awaitin' down yonder under the hill  invisibility  nonexistant,2010,/Kurt-vile-invisibility-nonexistent-lyrics
43,I Wanted Everything,i wanted everything  but i think that i only got most of it lord willing and if the creek don't rise i'm gonna love ya all the time i ain't never gonna go to work no more kickin and screamin and alright i'm goin out the door i wanted everything  but i think that i only got most of it lord willing and if the creek don't rise i'm gonna sit around til i get wise i ain't never goin to go work no more cos i was an old man and that's all i ever did i wanted everything  but i think that i only got most of it,2010,/Kurt-vile-i-wanted-everything-lyrics
44,Jesus Fever,i'd pack my suitcase with myself but i'm already gone cleanse myself with vitamin health but i'm already gone  i saw it rising through the horizon and i saw it fall a jesus fever's flowin' all over believers and lovers  in a blackhole i found a broken skull now i'm already gone you can write my whole life down in a little book when i'm already gone i started shaking and my heart breaking and my belly crawls a jesus fever's flowin' all over believers and lovers  when i am a ghost i'll see no reason to run when i'm already gone if it wasn't taped you could escape this song but i'm already gone,2011,/Kurt-vile-jesus-fever-lyrics
45,Jesus On A Wire, jesus on the phone talking bout a nervous breakdown even he dont know how to bail us out of this one what a mess i sing to myself thinkin bout another song i wanna reach out to old jesus tell him i too feel alone and im here to save ya  jesus on a wire and hes lookin very tired and me i dont blame him and i almost want to claim him so i ring a couple chords out on my martin double o and i see them floating upward and i watch em as they go into the pockets of judas iscariot in the sky up through the cracks in the ceiling     jesus on the edge and i feel the same way lately and he hammers down some numbers and it shakes the sky like thunder i saw him risin oer the horizon and i saw him fall when the scene dissipated and the world just waited and waited for a return   built,2022,/Kurt-vile-jesus-on-a-wire-lyrics
46,Kidding Around,walking on the straight and narrow straight between your eyes comes an arrow blood all over the house you reside in but it's all an illusion  on vacation at the seashore by the bay but far away inside your mind has been unkind it brings along your brain you think  what's the meaning of this song and what's this piece of wood i don't care it sounds so pretty it's change is so sublime what was the meaning of that last line but i'm just kidding around over here  oooooooooooooooo oooooooooooooooo oooooooooooooooo  ain't it funny when others try to tell you what you're trying to do but i'm all ears clearly have you not been listening to my pretty song  walking on the straight and narrow straight between your eyes comes an arrow blood all over the house you reside in but it's all an illusion  walking on the rocky brawlway forget what i was trying to say now i know one way to kill me way to go kv hey can i hear me  but i'm just kidding around over here  oooooooooooooooo oooooooooooooooo oooooooooooooooo,2015,/Kurt-vile-kidding-around-lyrics
47,Kurt Runner,instrumental,2022,/Kurt-vile-kurt-runner-lyrics
48,KV Crimes, i should have known my heart has overgrown do you risk it exploding all over well you better get a load of this one with a load on the time has come and i believe i've come too for to tell you but something's always in the way   all right what now that's fine i think i'm ready to claim what's mine rightfully yeah   crestfallen dejected with the east coast crutch day dreaming through the dark days club mate on holiday with the moon duo space partners   all right what now that's fine i think i'm ready to claim what's mine rightfully yeah ,2013,/Kurt-vile-kv-crimes-lyrics
49,Life Like This, wanna live wanna live live a life like mine well i been doin it baby all the time to do so you gotta roll with the punches jump from the sweetest to the toughest of tough love  maybe you think im a talking tube baby try playing thats all i really ever wanna do you didnt hear me right oh yeah   thats right i wanna live live a life like this yeah you wish  wanna live wanna live a life like mine ay baby well get in line ready to take a life test what it is is it is the best  maybe you dont hear me talking strange well hang on you better wait maybe you didnt hear me right  well its up and down and out of sight do you got what it takes well i think you might   wanna live wanna live a life like mine well i been doin it baby all the time to do so you gotta roll with the punches jump from the sweetest to the toughest of tough love maybe you dont hear me talking strange well hold on you better wait maybe you must think that im talking crooked well thats all good wanna live wanna live a life like some young and dumb and full of come on over to my house  theres a party goin on here all the time wanna live wanna live a life like mine ,2015,/Kurt-vile-life-like-this-lyrics
50,Life’s a Beach,i wanna be born dont wanna be anything i got dangerous memory got memory i wanna be the best bet all the dreams are entitled to be blessed bet on my mother and her hundred daily blessings all the time  i wanna go to em all yeah cause lifes a beach im outta reach im so out of reach yeah lifes a beach  i locked my key in the car again fucked anyway they need always  wecure my imagination running away with me when your actions acting up feels like the lam we turning up i make a living too much i think i'd try and die a little over yeah cause lifes so wild man i could give a little rest ive been up and down so long guess im moving moving along ive been a wrong display of my life dont never try and wilt this life i'm so outta reach,2011,/Kurt-vile-lifes-a-beach-lyrics
51,Like Exploding Stones, got me going one two three four one two   got me going wooooh yeah woooohooh ooh yeah   pain ricocheting in my brain like exploding stones thoughts running 'round in my cranium like pinball machineomania dreaming of a time when everything rhymed and i was cool calm and collected and all of my heroes dropped by just to hear me play  oohoohooh ooh yeah oohooh yeah   thoughts become pictures become movies in my mind welcome to the kv horror drivein movie marathon but i'm just kidding and i'm just playing and this is just the way that i'm making a living every day in my mind and in real life too   going wooooh singing yеaheah going wooooh singing yeaheah going wooooh singing yеaheah going woooohooh singing yeah   taking off now moog making noise now pain ricocheting in my brain like exploding stoohohohwoahohwohwones guitar's feeding back now feedback massaging my cranium ,2022,/Kurt-vile-like-exploding-stones-lyrics
52,Loading Zones, back is aching but i cannot sleep 'cause i won't be beat like i am the mayor of some godforsaken town sure they knighted me yesterday but who needs armor when i've an exoskeleton i slip and squirm through the cracks creep around by the all the loading zones in my dirty little town get my shopping done laundry too drop some dead weight clean my hands of what i need to clean my hands of and all for free by mayoral decree all from zone to loading zone of my town yeah   three grumpy girls and a dying daddy but oh so gorgeous the way they crave how beautiful to take a bite out of the world i want to rip the world a new one it just crawls out of my mouth anymore you can hate on it or you can hug it you can get all mushy and loveydovey it's all the same when i'm out there driving around all from zone to loading zone of my beautiful town   i park for free one stop shop life for the quick fix before you get a ticket that's the way i live my life i park for free ,2018,/Kurt-vile-loading-zones-lyrics
53,Loading Zones (Spotify Singles), back is aching but i cannot sleep 'cause i won't be beat like i am the mayor of some godforsaken town sure they knighted me yesterday but who needs armor when i've got an exoskeleton i slip and squirm through the cracks creep around by the all the loading zones in my dirty little town get my shopping done laundry too drop some dead weight clean my hands of what i need to clean my hands of and all for free by mayoral decree all from zone to loading zone of my town yeah   three grumpy girls and a dying daddy but oh so gorgeous the way they crave how beautiful to take a bite out of the world i want to rip the world a new one it just crawls out of my mouth anymore you can hate on it or you can hug it you can get all mushy and loveydovey it's all the same when i'm out there driving around all from zone to loading zone of my beautiful town   i park for free one stop shop life for the quick fix before you get a ticket that's the way i live my life now watch me go ,2019,/Kurt-vile-loading-zones-spotify-singles-lyrics
54,Losing Momentum (For Jim Jarmusch),instrumental,2010,/Kurt-vile-losing-momentum-for-jim-jarmusch-lyrics
55,Lost My Head There, lost my head there lost my head there lost my head there lost my head there i dont wanna sit around walk around today id much rather levitate   i was buggin' out 'bout a coupletwothree things picked up my microphone and started to sing i was feeling worse than the words come out fell on some keys and this song walked outta me   lost my head yes that's how we like it there lost my head there i dont wanna talk about it yell about it oh no me i just wanna sing about it   lost my head there for a second had a little funky psychosis  oh sweet relief i dont wanna sit around and walk around at all today so i gone went ahead and just levitated ,2015,/Kurt-vile-lost-my-head-there-lyrics
56,Monkey,oh my darling i was born when i met you if you don't mind now would i lie could i get you to redesign and redeliver me again  i'll be your baby and i'll be your father your little brother won't be no bother just born in autumn came and i am here i see you saw me in the mirror in half it's so exciting that we both just laugh and laugh  the other night you were away i missed you so bad i found me doing something desperate i was so sad i swear i held my own hand pretending it was yours  oh my monkey love is funny when it's so strong it's so strong and it goes on for so so long and it's long and strong and funny and it pours,2009,/Kurt-vile-monkey-lyrics
57,Mount Airy Hill (Way Gone), standing on top of mount airy hill thinkin' about flyin' been around but now i'm gone been gone but now i'm goin' down   i was flyin' high through the night when the mornin' came but i was gone if you know what i mean i was around but now i'm gone been done down but now i'm just way down low watch my moves  he do the snake in the grass he do the wiggle it around now way down low i been around but now i'm gone been gone but now i'm just way gone i been around but now i'm gone been gone but now i'm way gone   i been around but now i'm gone yeah been around but now i'm gone been gone but now i'majust way gone watch my moves   he do the snake in the grass,2022,/Kurt-vile-mount-airy-hill-way-gone-lyrics
58,Mutinies, the mutinies in my head keep staying i take pills and pills to try and make 'em go away small computer in my hand explodin' i think things were way easier with a regular telephone and impunity and disillusionment i guess we see now just how far that went jupiter and saturn think i'm noticing a pattern   the mutinies in my head keep staying i take pill and pill try and make 'em go away the little man in my head take over drive me man then he drive away in a land rover yeah  the mutinies in my head keep staying i take pills and pills try and make 'em go away small computer in my hand explodin' i think things were way easier with a regular telephone and impunity and disillusionment i guess we see now just how far that went jupiter and saturn i think i'm noticing a pattern   the mutinies in my head keep staying i take pills and pills try and make 'em go away the little man in my head take over drive me man then he drive away in a land rover gone,2018,/Kurt-vile-mutinies-lyrics
59,My Best Friends (Don’t Even Pass This),my best friends don't even pass this way again i think i must've insulted them  i don't want you to cry i'm just saying goodbye i don't want you to come and i don't know why  i never did understand the words coming out of a man givin' answers to questions that i didn't ask  count to ten and then i'm just a tool again you wasn't never no great pretender oh  i can't go on like this with a clenching fist oh but nicotine is even in my dreams we tried to school you but you just cut class get your head out of your ass  heads  heavy thoughts takin' up all my time eyes all aglow my baby know she blows my mind you'd think that i'll just drop by catchin' wind of all my cries just hearin' all the weight i'm feelin'  but my best friends don't even pass this way again,2009,/Kurt-vile-my-best-friends-dont-even-pass-this-lyrics
60,My Sympathy,so you wanna marry me oh you got my sympathy in a daydream i saw my soul in a flashing neon sign waving to myself  so you want a baby well it's got my sympathy in a nightmare i saw myself briefcase watch suit and tie,2009,/Kurt-vile-my-sympathy-lyrics
61,Never Run Away, you wedded on my day you wedded on you wedded on my day each morning we marry it's just the most gorgeous of days i know you'll never run away   you met a young man who was a wild child who harmonized his keys in his droning mind saxophones sing from inside his head crying   i know you'll never run away i know you'll never run away i know you'll never run away i know you'll never run away   i'm living all the time thanks cause you're mine you turn my dying days away each day we carry on like believers and lovers though there are others who would rather run away   ay ay ay ay ay ay now if you wanna hear me sing press play ay ay ay ay ay ay man pay ay ay close attention ,2013,/Kurt-vile-never-run-away-lyrics
62,No Expectations, 1 2 ready go   take me to the station and put me on a train i got no expectations to pass through here again   once i was a rich man but now i am so poor but never in my sweet short life have i felt like this before  your heart is like a diamond you throw your pearls at swine and as i watch you leaving me you pack my peace of mind     our love was like the water that splashes on a stone our love is like our music it's here and then it's gone   so take me to the airport and put me on a plane i got no expectations to pass through here again   alright yeah boogie,2019,/Kurt-vile-no-expectations-lyrics
63,NRA Reprise,instrumental,2013,/Kurt-vile-nra-reprise-lyrics
64,Ocean City,you've got a best friend don't know how you've got a best friend now you've got a best friend don't know how you've got a best friend now you can take him out for drinks and if he stinks makes you think maybe baby i love you more but i've gotta have some friends when you're gone for to hear me cry don't i you've got a best friend don't know how you've got a best friend monday morning comes don't leave me now woke up this morning don't know what i said now i'm walking 'round in circles baby bread in my head they say ocean city's the place to be but can you get me there for free there's always a tunnel at the end of the line you can wear it back to 1929 cause if you never see me again i'll leave all the cash that i can buy yourself a drink and if it stinks makes you think maybe baby i love you more but i've gotta have some friends when you're gone for to hear me cry don't i you've got a best friend don't know how you've got a best friend now x5,2010,/Kurt-vile-ocean-city-lyrics
65,One Trick Ponies, woah shit yeah loved you all a long long while looked down into a deep dark well called all your names they echoed down for miles and miles and all that other mystical well neveryoumind   loved them all through many a lifetime some are gone but some still strong some are weird as hell but we love 'em some are one trick ponies but we embrace 'em 'cause i've always had a soft spot for repetition   loved you all a long long while looked down into a deep dark well called all your names they echoed down for miles and miles and all that other mystical well neveryoumind oooo   loved you all a long long time looked long into the length of a tunnel called all your names and we was tripping out 'cause we needed a way out and all them other crystalline mystic rationalizations ,2018,/Kurt-vile-one-trick-ponies-lyrics
66,On Tour,on tour lord of the flies aw hey who cares what's a guitar  watch out for this one he'll stab you in the back for fun i'm just playin' i know you man most of the time  watch out for this one he'll pump you full of lead for turnin' your head wrong i wouldn't know i see through everyone even my own self now  i wanna write my whole life down burn it there to the ground i wanna sing at the top of my lungs for fun scream annoyingly 'cause that's just me being me being free  watch out for this one he'll pump you full of lead for turnin' your head wrong i wouldn't know 'cause i can see through him and them ,2011,/Kurt-vile-on-tour-lyrics
67,Overnight KV,instrumental,2009,/Kurt-vile-overnight-kv-lyrics
68,Overnite Religion,here all along got into this song anyway it's strummed to it won't quit never mind time and let the good time  hear my guitar chiming and climbing finding all the notes that nobody wrote in all that time make it my religion  thinking is rhyming and clicktrack timing finding all the words that nobody's heard and all that time emitting my sweet vision  overnight sensation my allnight everynight religion digging on my sweet vision of overnight religion  talking and strumming and swooning and tuning when you looking sick i'll remedy it each chord i lay a shape make you awake before you break  overnight sensation my allnight everynight religion digging on my sweet vision of overnight religion  here all along i writ you this song for the ones i know need me for the friends i haven't had for my sisters brothers mom and dad they are all my friends in a church beneath my chest hanging over me all night it's all right ,2009,/Kurt-vile-overnite-religion-lyrics
69,Palace Of Okv In Reverse, palace of okv in reverse dreamin' up a storm in my soul there's a great flood of blood pumpin' through to my heart that goes out to the world dreamin' dreams or was it real or was it only just a dream   second verse same as the reverse was it real or was it only but a dream dreamin' up a storm in my soul there's a great flood of blood then of course well all the rest standin' on top of the world when it's startin' to burn and that's the way that i feel with my head down on the pillow sometimes   palace of okv in rеverse gets unbuilt roots pullеd back down in the ground,2022,/Kurt-vile-palace-of-okv-in-reverse-lyrics
70,Peeping Tomboy, i don't wanna change but i don't wanna stay the same i don't wanna to go but i'm runnin' i don't wanna work but i don't wanna sit around all day frownin'   i don't wanna give up but i kinda wanna lie down but not sleep just rest gimme a break how much does it really take to get my head outta here  i've been searchin' i don't know what for i came across some girl she was a tomboy and i was a peeping tom on that scene i was a peeping tom you know what i mean i was a i was a i was a i was a   i don't wanna go but it's a oneway street with me so i've been told and i'm going when i'm down i would never come around but you should be kind and read my mind   i've been searchin' i don't know what for she was a tomboy and i admired her 'cause i was a peeping tom on that scene i was a peeping tom you know what i mean i was a i was a i was a i was a ,2011,/Kurt-vile-peeping-tomboy-lyrics
71,Pretty Pimpin, i woke up this morning didnt recognize the man in the mirror then i laughed and i said oh silly me thats just me then i proceeded to brush some strangers teeth but they were my teeth and i was weightless just quivering like some leaf come in the window of a restroom   i couldnt tell you what the hell it was supposed to mean but it was a monday no a tuesday no a wednesday thursday friday then saturday came around and i said whos this stupid clown blocking the bathroom sink   all he ever wanted was to be someone in life that was just like all i want is to just have fun live my life like a son of a gun i could be one thousand miles away but still mean what i say   then i woke up one morning didnt recognize the man in the mirror then i laughed and i said oh silly me thats just me then i proceeded to not comb some strangers hair never was my style ,2015,/Kurt-vile-pretty-pimpin-lyrics
72,Prom King,instrumental,2009,/Kurt-vile-prom-king-lyrics
73,Puppet to the Man,well i think by now you probably think i am a puppet to the man well i'll tell you right now you best believe that i am sometimes i'm stuck and i think i can't unglue it sometimes i'm stuck and then i think i can't unglue it  this one goes out to all those who want the right to survive enough comes by saying looting i want 'em to die my sister's stuck and she don't think she can unglue it sometimes i get stuck in a rut too it's okay girlfriends sometimes i've been rough so much i want it to end  well i think by now you probably think i am a puppet to the man but i shout it out loud because i know that i am sometimes i'm stuck and then i think i can't unglue it will you help me do it will you help me do it  will you help me do it will you help me do it will you help me do it will you help me do it will you help me do it will you help me do it will you help me do it will you help me do it,2011,/Kurt-vile-puppet-to-the-man-lyrics
74,Pure Pain, well i want to be with you when can i i don't know well i'm workin babe but i want you too there but i want to be around and i want you around deep down imbedded in my brain inbedded in mywow what pure pain    all of the roads that i travel down get lost and then found again all bring me back to my baby yeah that's what you are every time that i look out my window all of my thoughts they go travelin out where the coldest of winds blow only to drift back to you girl yeah that's what you are yeah that's what you are   and i want to be with you when can i i don't know when i'm working babe i wantwish you were here cause i want to be around and i want you around deep down i'm breaking down wow it's the purest of pure pain ,2013,/Kurt-vile-pure-pain-lyrics
75,Red Apples,hey old man how many times we gotta tell you where you been so long we don't want none hey girl come on over  two packs of red apples for the long ride home that'll be just fine  hey old man where you been so long how many times do we gotta tell you we don't want none hey girl come on over that'll be just fine two packs of red apples two packs of red apples for the long ride home that'll be just fine hey old man hey old man hey old man how many times do we gotta tell you we don't want none hey girl come on over that'll be just fine two packs of red apples for the long ride home that'll be just fine that'll be just fine where you been so long  hey old man how many times do we gotta tell you we don't want none where you been so long hey girl come on over that'll be just fine  hey old man where you been so long how many times do we gotta tell you we don't want none where you been so long hey girl come on over that'll be just fine two packs of red apples for the long ride home that'll be just fine ,2009,/Kurt-vile-red-apples-lyrics
76,(Reprise Reprise),instrumental,2013,/Kurt-vile-reprise-reprise-lyrics
77,Rollin with the Flow,how's it goin'   once was a thought inside my head 'fore i reached thirty i'd be dead now somehow on and on i go i keep on rollin' with the flow   folks said that i would change my mind i'd straighten up and do just fine aw but i still love rock and roll i keep on rollin' with the flow   while guys my age are raising kids i'm raisin' hell just like i did i've got a lot of crazy friends and they forgive me of my sins   some might be callin' me a bum but i'm still out there havin' fun and jesus loves me yes i know so i keep on rollin' with the flow keep on rollin' keep on keep on rollin' ,2018,/Kurt-vile-rollin-with-the-flow-lyrics
78,Runner Ups, hey old man how many times we gotta tell ya we dont want none but where you been so long hey girl come on over thatll be just fine   if it aint working take a whiz on the world an entire nation drinking from a dirty cup my best friends long gone but i got runner ups yeah   when im walking my head is practically dragging yeah and all i ever see is just a whole lot of dirt my whole lifes been one long running gag two packs of red apples for the long ride home well you know baby   sick of walking so you took a wrongway train then you sat down and couldnt get up my best friends long gone but i got runner ups yeah my best friends long gone but i got runner ups   i dont know if its real but its how i feel dont know if you really came but i feel dumb in asking you should've been an actress you're so domineering take two white gold earrings for your troubles ma'am ,2011,/Kurt-vile-runner-ups-lyrics
79,Run Run Run, teenage mary said to uncle dave i sold my soul must be saved gonna take a walk down to union square you never know who you're gonna find there   you gotta run run run run run take a drag or two run run run run run gypsy death and you tell you whatcha do  marguerita passion i had to get her fixed she wasn't well she was getting sick went to sell her soul she wasn't high didn't know thinks she could buy it   she gotta run run run run run take a drag or two run run run run run gypsy death and you tell you whatcha do now   seasick sarah had a golden nose hobnail boots wrapped around her toe when she turned blue all thе angels screamed thеy didn't know they couldn't make the scene   they gotta run run run run run take a drag or two run run run run run gypsy death and you tell you whatcha do tell you whatcha do tell you whatcha do tell you whatcha do   beardless harry what a waste couldn't even get a smalltown taste rode the trolleys down to 47th figured he was good to get himself to heaven ,2021,/Kurt-vile-run-run-run-lyrics
80,Run Run Run (Radio Edit), teenage mary said to uncle dave i sold my soul must be saved gonna take a walk down to union square you never know who you're gonna find there   you gotta run run run run run take a drag or two run run run run run gypsy death and you tell you whatcha do  marguerita passion i had to get her fixed she wasn't well she was getting sick went to sell her soul she wasn't high didn't know thinks she could buy it   she gotta run run run run run take a drag or two run run run run run gypsy death and you tell you whatcha do now   seasick sarah had a golden nose hobnail boots wrapped around her toe when she turned blue all thе angels screamed thеy didn't know they couldn't make the scene   they gotta run run run run run take a drag or two run run run run run gypsy death and you tell you whatcha do tell you whatcha do tell you whatcha do tell you whatcha do   beardless harry what a waste couldn't even get a smalltown taste rode the trolleys down to 47th figured he was good to get himself to heaven ,2021,/Kurt-vile-run-run-run-radio-edit-lyrics
81,Sad Ghost,in the morning i'm not done sleeping in the evening i guess i'm alive that's alright i can still peel myself up sleepwalking in a ghost town think i'll never leave my couch again 'cause when i'm out i'm moanin' in my mind  christ was born i was there you know me i'm around i got friends hey wait where was i well i am trying  when i'm driving i found i'm dreaming jammin tunes and drifting and it's just that sometimes i want to pull over open up and stay in raindrops might fall on my head sometimes but i don't pay 'em any mind christ was here you just missed him now i'm out going down 2nd to all the stores to see my friends to find kinks buy whores,2010,/Kurt-vile-sad-ghost-lyrics
82,Say The Word, one two three four   i wrote the words to this song drivin from philly to amherst i wrote the words to this song settin still in mm saskatoon words to this song come and go and fly away words to this song how can i sing to say when every time i grow into a man chaos comin round the bend   i dont know much for true but i do know the only word is love to see us through and if i grow into a tree later well make mine be a beechwood with long limbs cause times they be tremblin so let me do some of that then in the wind to this song cause how can i sing to say cause every time   they told me change takes slow well watch mе wiggle it around then way down low to pull on the lеver and watch me make a believer out of them i wrote the words to this song but they came out all screwed up in the mess of the hullabaloo go ,2022,/Kurt-vile-say-the-word-lyrics
83,Shame Chamber, everyone's saying i should probably give up and hey i wouldn't wanna waste no time how can i even look myself in the mirror then again why would i   it's just another day in the shame chamber living life to the lowest power feeling bad in the best way a man can   shame on you shame on you shame on you oh baby when you cry it brings a tear to my eye oh shame on us   chubby in the face in a world of muck and slime time for the comedown how can i even look myself in the mirror then again i guess i think i   wouldn't really mind in the shame chamber living life to the lowest power feeling bad in the best way a man can ,2013,/Kurt-vile-shame-chamber-lyrics
84,(Shiny Things),instrumental,2022,/Kurt-vile-shiny-things-lyrics
85,Skinny Mini,she's a freewheeling lady baby highstrung welloff fuck c'mon she's a freewheeling lady baby highstrung welloff in the brains and she means way well she's a little bit skinny mini girl child old soul she grown up real well she'll chew you out if you deserve it man but i kinda like it and i really love her she's a wild kind of muskrat scrappy mofo stay that way baby girl and i love you so never gonna let her go no no no  she got a wild brain but so do i sometimes and i don't know why you gotta die she wanna clean up the world but i'm drowning in dirt i wanna clean up the world but i can't i wanna give me a kiss girl i wanna wow would you look at that i wanna damn she sure is fine i wanna damn she just blew my mind alright woah alright she's a skinny little scrappy little wild talking all goodkind always means well baby girl dandelion flower child all substance no jivetalkin' fast walkin' girl babe you might wanna roll her up in a ball and eat her in a sandwich but it's mine man she's a sweet talkin' honey in the raw flaming fast jaw flappin' woo bee buzzing babe well buzz awhile it's a big old bulbous world at a boiling point but she's always right there she gets in your hair like bubblegum but you love it and you need some schooling babe i would recommend yeah fuck  she's a skinny mini little baby girl child all fast walkin' no jive talkin' baby she's a real wild card you know and i know you know man i wanna give me a kiss girl i wanna wow would you look at that i wanna damn she sure is fine i wanna damn she just blew my mind  she make me cross my i's and dot my t's if you know what i mean,2018,/Kurt-vile-skinny-mini-lyrics
86,Slow Talkers,everyone i know talks to me way too slow i lose track what they say before they walk away  i told you once before ain't gonna say no more next time you come clothed in inquisitive suits i'll consider myself mute  you're on my mind most times when fear does not overflow when that cranial cup runneth over with things i despise over and over my chalice of skin bones and blood pouring forth like the flood,2008,/Kurt-vile-slow-talkers-lyrics
87,Smoke Ring For My Halo, smoke ring for my halo angel demon human overestimated over and over  think i can see it now think i can see it now think i can see it now think i can see it now   smoke ring for my halo human angel demon underestimated right under the roof of your house  thought you could see it then thought you could see it then thought you could see it then thought you could see it then   sipping from the soda can exercises my hand pacifies the land makes the most out of your chill time man ,2011,/Kurt-vile-smoke-ring-for-my-halo-lyrics
88,Snowflakes Are Dancing, bought a ticket from a tin man he was my main man he told me something he told me everything through my dark day he led the way again i stray away again i stay   there is but one true love within my heart there is but one man that i am when i'm away out there i wanna go home when i am home my head stays out there   snowflakes are dancing discman is pumping headphones are loud chilling on a pillowy cloud comfort of codeine and springsteen pristine you should sing just whatever  ooh ooh ooh,2013,/Kurt-vile-snowflakes-are-dancing-lyrics
89,Snowflakes Extended,bought a ticket from a tin man he was my main man he told me something he told me everything through my dark day he led the way again i stray away again i stay  there is but one true love within my heart there is but one man that i am when i'm away out there i wanna go home when i am home my head stays out there  snowflakes are dancing discman is pumping headphones are loud chilling on a pillowy cloud comfort of codeine and springsteen pristine you should sing just whatever  ooooooh ooooooooohoooooooooooh,2013,/Kurt-vile-snowflakes-extended-lyrics
90,Society Is My Friend,society is my friend he makes me lie down in a cool blood bath society is my friend he makes me lie down in a cool blood bath  oh society oh yeah  society is my friend he makes me lie down in a cool blood bath he stole my lady's hand hey how you doin' this kids my hand is not for you to hold so kiss me with your mouth without closing it all that much  society is all around are you the beautiful sound of all the half pipsqueals ecstatic brilliance at it's finest that's my friend  society is all around it takes me down  society is my friend he makes me lie down in a cool blood bath society is my friend he makes me lie down down,2011,/Kurt-vile-society-is-my-friend-lyrics
91,Song for John in D,the candy ball has got a center it's so nice and sweet she calls my name in the winter it's so nice and sweet i said hey boys we got a winner it's so nice and sweet sin is in my skin just like a splinter it's so nice and sweet,2009,/Kurt-vile-song-for-john-in-d-lyrics
92,(so outta reach),i wanna be a boy don't wanna be a man i got a dangerous memory got a memory man i wanna be the best bet all the greats are eternally depressed been all in my hood and i hope you're feelin crazy all the time  i wanna go to a mall yeah cause life's a beach i'm outta reach i'm so outta reach yeah life's a beach  i locked my key in the car again floatin' away indeed always went through my imagination runnin' away with me when your ex is actin' up throw some delay on and turn it up i make a living too much i think i'll try and die a little  yeah cause life's so wild and i been through all the rest i've been up and down so long and i'm movin' movin along i'm in the wrong place still in my life gonna try and live it twice ,2011,/Kurt-vile-so-outta-reach-lyrics
93,Speed of the Sound of Loneliness, you come home late and you come home early you come home big when you're feeling small you come home straight and you come home curly sometimes you just don't come home at all   what in the world has come over you what in heaven's name have you done you've broken the speed of the sound of loneliness you're out there running just to be on the run   well i got a heart that burns with the fever and i got a wеaried and a jealous mind how can a love that'll last forеver get left so far behind   what in the world has come over you what in heaven's name have you done you've broken the speed of the sound of loneliness you're out there running just to be on the run   well it's a mighty mean and a dreadful sorrow it's crossed the evil line today well how can you ask about tomorrow you ain't got no word to say ,2020,/Kurt-vile-speed-of-the-sound-of-loneliness-lyrics
94,Stand Inside, dont talk to me just walk to me understand sure im your man do what i can but dont stand by my side stand inside   thats my good girl my whole world turning on the couch close that cute mouth and kiss me   like all the pretty things you see outside imma gonna make you satisfied all the silly things inside my mind imma gonna make you satisfied imma gonna pick on my guitar baby 'til we fill the fruit jar we gonna live in a house together with me on the couch and my guitar singing oh my god i love you i love you ,2015,/Kurt-vile-stand-inside-lyrics
95,Stranger Than Kindness,stranger than kindness bottled light from hotels spilling everything wet hand from the volcano sobers your skin stranger than kindness  you caress yourself and grind my soft cold bones below your map of desire burned in your flesh even a fool can come a strange lit stair and find a rope hanging there stranger than kindness keys rain like heaven's hair there is no home there is no bread we sit at the gate and scratch the gaunt fruit of passion dies in the light stranger than kindness  your sleeping hands journey they loiter stranger than kindness you hold me so carelessly close tell me i'm dirty i'm a stranger i'm a stranger i'm a stranger to kindness,2020,/Kurt-vile-stranger-than-kindness-lyrics
96,Stuffed Leopard, stuffed leopard on a windowsill its a just a toy just a toy im playin candys room she knows i wanna be candys boy ive been drivin all day and night inside my mind and inside i'mma stay for awhile yeah   for a while while while while for a while   there he goes again watch him go   dream police in the marketplace turnin my eyes so blurry wake up turn em back on and refocus and im just in the same place again ,2022,/Kurt-vile-stuffed-leopard-lyrics
97,"That’s Life, Tho (Almost Hate to Say)", when i go out i take pills to take the edge off for to just take a chillax man forget about it just a certified badass out for a night on the town ain't it ohexciting the way one can fake their way through life hey but that's neither here nor there in a way how could one ever prove you're just putting them all on   that's life tho almost hate to say that's life tho in every brutal way   from hoist point i hang glide into the valley of ashes just as powderhead has long been burned to the ground yeah with fire with fire a chosen one just leveled the farm i guess hell has finally frozen over i wanna run into the rolling hills along some midwestern highway but there are scorpions out there there was a man who touched the lives of many and when he died he left so many people cryin'   that's life tho so sad so true that's life tho so sad to say ,2015,/Kurt-vile-thats-life-tho-almost-hate-to-say-lyrics
98,The Creature,she said i'm a creature of habits oh she's so cute with her claims ain't got time for asking questions so i just nod and move on and that's all right for me so far so good for me  they call me the creature of habits but i'm a man just the same ain't got time for overthinking so i just rely on early intuition and that's alright for me so far so good for me  they call me a dirty creature oh what you know you just did always droppin dirt on something that i don't care about and that's all right for you so far so good for you  she said i'm a creature of habits oh she's so cute with her claims ain't got time for asking questions so i just nod and move on and that's all right for me so far so great for me,2011,/Kurt-vile-the-creature-lyrics
99,The Finder,instrumental,2010,/Kurt-vile-the-finder-lyrics
100,Timing Is Everything (And I’m Falling Behind),timing is everything and i'm falling behind open the floodgates of a down pouring rain in my brain  forecast is ominous clouds of black but blackness is a good friend of mine timing is everything and i'm falling behind  whistles  i'm falling behind i'm falling behind howls  i'm falling behind i'm falling behind  hurricanes are known to come on strong so ive thrown it into a beautiful song  put some headphones on my headstone  timing is everything i'm falling behind i'm falling behind  timing is everything i'm falling behind open the floodgates of a down pouring rain in my brain forecast is ominous clouds of black but blackness is a good friend of mine timing is everything and i'm falling behind  i'm falling behind i'm falling behind ,2019,/Kurt-vile-timing-is-everything-and-im-falling-behind-lyrics
101,Too Hard,take your time so they say and that's probably the best way to be but what about those who are fathers and what about their daughters i will promise to do my very best to do my duty for god and my country hey but i'm just human after all i will promise not to smoke too much and i will promise not to party too hard too hard too hard it's too hard  did you ever bang on a xylophone that took you everywhere from home well i did well i've tried life is like a ball of beauty that makes you wanna just cry then you die  i will promise to go outta my way to do the right thing from now on believe me baby there comes a time in every man's life when he's gotta take hold of the hand that ain't his but it is take your time so they say and that's gotta be the best way but what about those who are fathers and what about the others i know that you don't know a stranger but i'm no stranger than the rest and i'm no stranger to you ,2013,/Kurt-vile-too-hard-lyrics
102,Wages Of Sin, when we fight i wanna talk it out you wont say nothin nothin at all you just sit there you wont open that pretty mouth i think you like keeping my back up against the wall   wages of sin you keep me payin wages of sin for the wrongs that ive done and wages of sin you keep me payin wages of sin one by one   i walk in the apartment theres clothes thrown all over the place youre crouched in the corner with makeup runnin down your face and i dont wanna believe what my what my heart keeps sayin you keep me on the line so you can keep me payin   wages of sin yеah we keep payin wages of sin for the wrongs that wеve done and wages of sin yeah we keep payin wages of sin thats how we have our fun   i remember when i was a little boy out where cottonwoods grow tall tryin to make it home through the forest before the darkness falls baby all the sounds i heard even if they werent real i was runnin down that broken path with the devil snappin at my heels ,2022,/Kurt-vile-wages-of-sin-lyrics
103,Wakin on a Pretty Day, wakin' the dawn of day and i gotta think about what i wanna say phone ringing off the shelf i guess it wanted to kill himself wakin' on a pretty day don't know why i ever go away it's hard to explain my love in this daze   you could say i been most all around but honey i ain't goin' nowhere don't worry about a thing it's only dying i live along a straight line nothing always comes to mind to be frank i'm fried but i don't mind yeah yeah yeah yeah yeah yeah yeah  yeah yeah yeah yeah yeah yeah yeah  yeah yeah yeah yeah yeah yeah yeah  yeah yeah yeah yeah yeah yeah yeah   been diggin' layin low low low i'm diggin' layin low low low dig dig in to these lives that we are living in living low lackadaisically so   risin' at the crack of dawn and i gotta think about what wisecracks i'm going to drop along the way today phone ringin' off the shelf i guess somebody had something they really wanted to prove to us today yeah i'm waking on a pretty day floating in place no need sayin nothin' to explain it to my loved ones today ,2013,/Kurt-vile-wakin-on-a-pretty-day-lyrics
104,Was All Talk, spirit in the sky transparent to the eye talking trash on nothing the human eye can see anyway and that's anarchy for you and me when all this work is out of mind  there was a time in my life when they thought i was all talk now i'm feeling stalked by god walking i got the upper hand walking  now take a look at my hands watch me go watch me going yeah i'm going yeah i'm gone  freak in the fog through the dew in the dawn all the words i'm saying are wrong now won't you watch me and yet there was a time in my life when they thought i was all talk  lefthanded smoke shifting from a righthanded man can you sense the snag in my playing  spirit in the ether from a rightwing sister safe to say she don't get out that much  there was a time in my life that is gone that i sometimes still go back to not to be all stalking myself too much well i got the upper hand here in present days   now take a look at my hands watch them go watch me going yeah i'm going yeah i'm gone ,2013,/Kurt-vile-was-all-talk-lyrics
105,Wedding Budz,instrumental,2013,/Kurt-vile-wedding-budz-lyrics
106,Wheelhouse, sometimes i talk too much but i gotta get it out but i dont wanna talk i only wanna listen my baby talks soft my ears are always ringing now humming a sad song when im alone but you gotta be alone to figure things out sometimes be alone when even in a crowd of friends and not so sometimes of whom you just cant distinguish but thank god for the former yeah   some bow down a hundred times a day or more to find a way to get back down to the temple one day find the temple to bask in the glory of roll around on a floor of furry carpet then sleep soundly for the first time in forever and breathing deep inside  theres a desert down below the earths core a hidden staircase in the house that you reside in a little something from the cupboard over there a little medicine its a medication situation   some bow down a hundred times a day or more to find a way to get back down to the temple one day find the temple to bask in the glory of roll around on a floor of furry carpet then sleep soundly for the first time in forever and breathing deep inside,2015,/Kurt-vile-wheelhouse-lyrics
107,White Riffs,instrumental,2009,/Kurt-vile-white-riffs-lyrics
108,Wild Imagination, im looking at you but its only a picture so i take that back but it aint really a picture its just an image on a screen you can imagine if i was though right just like i can imagine you can imagine it cant you i got a wild imagination   give it some time  give ya some time   im laughing out loud so much it appears that im crying babe yes come out on the porch mama ill tell you about my past theres believers and lovers and druggers and dreamers and drunkards and schemers and im afraid that i am feeling much too many feelings simultaneously at such a rapid clip      ,2015,/Kurt-vile-wild-imagination-lyrics
109,Wounded Bird,like a wounded bird trying to fly surrounded by green fern still a cozy and scenic place to die lately i've been flying high then i guess i had to crash always did i love that i love that line but never did i apply it to myself 'til just then  on the corner of our camping site there's an entrance there to the woods watch my kids there as they play while me i'ma just pick away on a red fender palomino guitar for a change  my daddy was a railroad man imagine all the miles of steel he rode along his wholе life long now i just put that in a song my mother she would mеnd our wounds while he was out along the track maybe try and clip our wings well i remember everything like the red feather wingspan of some great majestic bird come flying over the horizon above a field of birds of paradise  or was it real or was it just a dream or was it real or just a dream just a dream whew  like a wounded bird trying to fly surrounded by some trees in a cozy scenic place wish the world would stop and take notice of all the disgrace but then breathe in quite deep and smell all the flowers while in bloom ,2022,/Kurt-vile-wounded-bird-lyrics
110,Yeah Bones,one two three four   when nobody calls you on the phone don't break your bones over it you'll only leave yourself lonesome to show for it when nobody calls you on the phone don't break your bones dyin' dead in a black sea of tears over me   when you're runnin' on the run but you run run too far tomfoolin' and buckwild deep in the country wildcats get shot at when you're runnin' on the run but you run too far where the rednecks raise hell with the shotgun shell blast     when nobody calls me on the phone won't break my bones over it i don't believe myself lonesome to show for that when nobody calls me on the phone won't break my bones dyin' dead in a black sea of tears over me over me over me over me now over me over me over me now over me over me over me now over me over me over me now over me over me over me now over me over me over me now,2018,/Kurt-vile-yeah-bones-lyrics
